ticker,name,price,fetched_at,c1_price_vs_52w_low_passes,c1_price_vs_52w_low_value,c2_market_cap_passes,c2_market_cap_value,c3_eps_growth_passes,c3_eps_growth_value,c4_avg_volume_passes,c4_avg_volume_value,c5_price_vs_sma50_passes,c5_price_vs_sma50_value,c6_volatility_1m_passes,c6_volatility_1m_value,c7_revenue_growth_passes,c7_revenue_growth_value,c8_float_passes,c8_float_value,c9_us_market_passes,c9_us_market_value,passes_all,error
AAPL,Apple Inc.,308.82,2026-05-23T22:48:35.440273+00:00,False,+58.3%,True,$4535749.2M,False,+21.8%,True,43771.1K,True,$308.82 / SMA $270.36,False,1.92%,False,+16.6%,False,14662.4M,True,NMS,False,
ABT,Abbott Laboratories,87.41,2026-05-23T22:48:47.286226+00:00,False,+6.6%,True,$152251.9M,False,+-19.7%,True,12220.0K,False,$87.41 / SMA $95.78,False,2.32%,False,+7.8%,False,1731.2M,True,NYQ,False,
ADBE,Adobe Inc.,244.76,2026-05-23T22:48:35.484426+00:00,False,+9.2%,True,$98932.0M,False,+11.1%,True,5506.6K,False,$244.76 / SMA $244.89,True,3.19%,False,+12.0%,False,403.0M,True,NMS,False,
AMAT,"Applied Materials, Inc.",432.16,2026-05-23T22:48:47.112476+00:00,True,+181.6%,True,$343117.5M,True,+33.5%,True,6795.0K,True,$432.16 / SMA $388.52,True,3.79%,,,False,790.5M,True,NMS,False,
AMD,"Advanced Micro Devices, Inc.",467.51,2026-05-23T22:48:58.119362+00:00,True,+330.4%,True,$762322.1M,True,+90.9%,True,38893.1K,True,$467.51 / SMA $303.19,True,5.85%,True,+37.8%,False,1621.8M,True,NMS,False,
AMGN,Amgen Inc.,339.3,2026-05-23T22:48:50.632944+00:00,False,+26.7%,True,$183123.0M,False,+4.4%,True,2647.6K,False,$339.30 / SMA $341.58,False,2.18%,False,+5.8%,False,538.2M,True,NMS,False,
AMZN,"Amazon.com, Inc.",266.32,2026-05-23T22:48:49.958634+00:00,False,+35.9%,True,$2864833.6M,True,+74.8%,True,45115.2K,True,$266.32 / SMA $241.92,False,2.49%,False,+16.6%,False,9779.9M,True,NMS,False,
ASML,ASML Holding N.V.,1632.9,2026-05-23T22:48:46.398177+00:00,True,+138.9%,True,$629348.5M,False,+19.2%,True,1733.7K,True,$1632.90 / SMA $1434.20,True,3.27%,False,+13.2%,False,385.3M,True,NMS,False,
AVGO,Broadcom Inc.,414.14,2026-05-23T22:48:46.355738+00:00,True,+79.2%,True,$1960815.6M,True,+31.6%,True,23868.6K,True,$414.14 / SMA $376.96,True,3.42%,True,+29.5%,False,4675.6M,True,NMS,False,
BAC,Bank of America Corporation,51.8,2026-05-23T22:48:58.201321+00:00,False,+19.6%,True,$367603.4M,False,+24.7%,True,38655.2K,True,$51.80 / SMA $50.84,False,2.03%,False,+7.2%,False,7069.1M,True,NYQ,False,
CAT,Caterpillar Inc.,879.89,2026-05-23T22:48:55.117659+00:00,True,+159.2%,True,$405270.3M,True,+30.2%,True,2532.1K,True,$879.89 / SMA $798.08,False,2.88%,False,+22.2%,False,459.2M,True,NYQ,False,
COST,Costco Wholesale Corporation,1028.24,2026-05-23T22:48:35.461715+00:00,False,+21.8%,True,$456181.3M,False,+13.9%,True,1862.8K,True,$1028.24 / SMA $1007.01,False,2.02%,False,+9.2%,False,440.9M,True,NMS,False,
CRM,"Salesforce, Inc.",180.07,2026-05-23T22:48:42.520131+00:00,False,+10.1%,True,$147306.9M,False,+18.3%,True,13504.0K,False,$180.07 / SMA $181.78,True,3.45%,False,+12.1%,False,894.4M,True,NYQ,False,
CSCO,"Cisco Systems, Inc.",120.41,2026-05-23T22:48:36.076267+00:00,True,+93.3%,True,$474588.2M,True,+37.1%,True,22969.8K,True,$120.41 / SMA $89.77,False,2.90%,False,+12.0%,False,3934.7M,True,NMS,False,
CVX,Chevron Corporation,191.43,2026-05-23T22:48:46.484049+00:00,False,+41.6%,True,$381251.5M,False,+-44.5%,True,12168.3K,False,$191.43 / SMA $191.68,False,2.09%,False,+3.2%,False,1882.0M,True,NYQ,False,
DE,Deere & Company,529.15,2026-05-23T22:48:55.166274+00:00,False,+22.2%,True,$142927.3M,False,+-1.4%,True,1255.7K,False,$529.15 / SMA $575.89,False,2.75%,,,False,269.6M,True,NYQ,False,
DIS,The Walt Disney Company,103.0,2026-05-23T22:48:58.783170+00:00,False,+11.7%,True,$178860.7M,False,+-29.8%,True,9774.7K,True,$103.00 / SMA $101.32,False,2.24%,False,+6.5%,False,1733.7M,True,NYQ,False,
GE,GE Aerospace,302.84,2026-05-23T22:48:58.853552+00:00,False,+30.4%,True,$316416.2M,False,+-1.1%,True,5926.6K,True,$302.84 / SMA $293.96,False,2.80%,False,+24.7%,False,1039.4M,True,NYQ,False,
GOOGL,Alphabet Inc.,382.97,2026-05-23T22:48:46.420173+00:00,True,+136.4%,True,$4639851.3M,True,+81.9%,True,28564.5K,True,$382.97 / SMA $341.14,False,2.56%,False,+21.8%,False,10813.7M,True,NMS,False,
HD,"The Home Depot, Inc.",313.07,2026-05-23T22:48:42.610171+00:00,False,+8.3%,True,$311826.4M,False,+-4.3%,True,4338.8K,False,$313.07 / SMA $326.46,False,2.41%,,,False,992.3M,True,NYQ,False,
HON,Honeywell International Inc.,227.92,2026-05-23T22:48:43.304627+00:00,False,+22.0%,True,$144422.2M,False,+-41.9%,True,3930.7K,True,$227.92 / SMA $221.74,False,2.09%,False,+2.4%,False,600.9M,True,NMS,False,
IBM,International Business Machines Corporation,253.84,2026-05-23T22:48:58.873056+00:00,False,+19.5%,True,$238580.5M,False,+14.3%,True,6625.8K,True,$253.84 / SMA $236.56,False,2.90%,False,+9.5%,False,937.9M,True,NYQ,False,
INTU,Intuit Inc.,319.94,2026-05-23T22:48:36.118793+00:00,False,+5.8%,True,$87515.4M,False,+10.7%,True,4035.1K,False,$319.94 / SMA $402.03,True,4.04%,False,+10.4%,False,267.3M,True,NMS,False,
JNJ,Johnson & Johnson,234.34,2026-05-23T22:48:54.517145+00:00,False,+57.2%,True,$564107.2M,False,+-52.9%,True,7777.2K,True,$234.34 / SMA $233.36,False,1.60%,False,+9.9%,False,2403.3M,True,NYQ,False,
JPM,JPMorgan Chase & Co.,306.38,2026-05-23T22:48:36.266146+00:00,False,+17.7%,True,$820948.7M,False,+17.2%,True,9399.6K,True,$306.38 / SMA $301.22,False,1.83%,False,+9.9%,False,2665.3M,True,NYQ,False,
KO,The Coca-Cola Company,81.48,2026-05-23T22:48:54.489562+00:00,False,+24.7%,True,$350566.3M,False,+18.2%,True,15255.1K,True,$81.48 / SMA $77.44,False,1.45%,False,+12.1%,False,3873.9M,True,NYQ,False,
LLY,Eli Lilly and Company,1065.0,2026-05-23T22:48:42.590713+00:00,True,+70.7%,True,$949704.6M,True,+169.9%,True,3065.6K,True,$1065.00 / SMA $941.92,False,2.93%,True,+55.5%,False,889.3M,True,NYQ,False,
LMT,Lockheed Martin Corporation,533.24,2026-05-23T22:48:47.216257+00:00,False,+30.0%,True,$122945.7M,False,+-11.5%,True,1553.7K,False,$533.24 / SMA $572.94,False,2.30%,False,+0.3%,False,197.6M,True,NYQ,False,
MA,Mastercard Incorporated,498.54,2026-05-23T22:48:58.167636+00:00,False,+3.8%,True,$440501.9M,False,+21.2%,True,3556.2K,False,$498.54 / SMA $501.53,False,2.17%,False,+15.8%,False,875.8M,True,NYQ,False,
MCD,McDonald's Corporation,282.27,2026-05-23T22:48:55.095221+00:00,False,+3.8%,True,$200554.5M,False,+6.9%,True,3481.0K,False,$282.27 / SMA $298.45,False,1.93%,False,+9.4%,False,709.5M,True,NYQ,False,
META,"Meta Platforms, Inc.",610.26,2026-05-23T22:48:35.526631+00:00,False,+17.3%,True,$1549098.3M,True,+62.4%,True,15365.2K,False,$610.26 / SMA $617.80,False,2.21%,True,+33.1%,False,2192.7M,True,NMS,False,
MRK,"Merck & Co., Inc.",122.41,2026-05-23T22:48:50.164190+00:00,False,+62.3%,True,$302331.2M,False,+-185.6%,True,9608.1K,True,$122.41 / SMA $115.68,False,2.27%,False,+4.9%,False,2465.7M,True,NYQ,False,
MS,Morgan Stanley,201.03,2026-05-23T22:48:47.093266+00:00,False,+59.1%,True,$317081.6M,True,+31.9%,True,6401.7K,True,$201.03 / SMA $179.67,False,2.13%,False,+17.0%,False,1196.4M,True,NYQ,False,
MSFT,Microsoft Corporation,418.57,2026-05-23T22:48:42.721285+00:00,False,+17.5%,True,$3109320.1M,False,+23.4%,True,33933.2K,True,$418.57 / SMA $399.61,False,2.37%,False,+18.3%,False,7417.4M,True,NMS,False,
MSTR,Strategy Inc,159.89,2026-05-23T22:48:43.507882+00:00,False,+53.5%,True,$56138.9M,False,+-132.0%,True,18522.0K,True,$159.89 / SMA $154.84,True,5.24%,False,+11.9%,False,330.0M,True,NMS,False,
MU,"Micron Technology, Inc.",751.0,2026-05-23T22:48:55.303367+00:00,True,+714.4%,True,$846928.2M,True,+756.0%,True,45675.5K,True,$751.00 / SMA $518.97,True,6.69%,True,+196.3%,False,1123.5M,True,NMS,False,
NEE,"NextEra Energy, Inc.",88.55,2026-05-23T22:48:50.714447+00:00,False,+32.6%,True,$184680.4M,True,+160.0%,True,10347.8K,False,$88.55 / SMA $92.85,False,2.45%,False,+7.3%,False,2081.0M,True,NYQ,False,
NFLX,"Netflix, Inc.",88.6,2026-05-23T22:48:50.068791+00:00,False,+18.1%,True,$373076.8M,True,+86.1%,True,43694.3K,False,$88.60 / SMA $93.68,False,2.55%,False,+16.2%,False,4183.4M,True,NMS,False,
NKE,"NIKE, Inc.",44.67,2026-05-23T22:48:58.812119+00:00,False,+8.0%,True,$66151.2M,False,+-35.2%,True,21540.7K,False,$44.67 / SMA $46.37,False,2.46%,False,+0.1%,False,1174.3M,True,NYQ,False,
NVDA,NVIDIA Corporation,215.33,2026-05-23T22:48:54.452460+00:00,False,+62.0%,True,$5215508.0M,True,+214.5%,True,171279.5K,True,$215.33 / SMA $196.81,True,3.65%,True,+85.2%,False,23222.3M,True,NMS,False,
NVO,Novo Nordisk A/S,44.96,2026-05-23T22:48:50.000067+00:00,False,+28.0%,True,$199254.4M,True,+67.1%,True,18868.4K,True,$44.96 / SMA $40.27,False,2.43%,False,+24.0%,False,3186.2M,True,NYQ,False,
ORCL,Oracle Corporation,192.08,2026-05-23T22:48:54.433878+00:00,False,+42.7%,True,$552430.9M,False,+24.5%,True,27154.1K,True,$192.08 / SMA $167.02,True,4.51%,False,+21.7%,False,1708.9M,True,NYQ,False,
PANW,"Palo Alto Networks, Inc.",260.58,2026-05-23T22:48:50.770828+00:00,True,+86.7%,True,$211330.4M,True,+60.5%,True,8312.0K,True,$260.58 / SMA $183.98,True,4.57%,False,+14.9%,False,809.0M,True,NMS,False,
PEP,"PepsiCo, Inc.",150.57,2026-05-23T22:48:58.202299+00:00,False,+18.0%,True,$205820.3M,True,+27.8%,True,6348.2K,False,$150.57 / SMA $154.09,False,2.01%,False,+8.5%,False,1362.9M,True,NMS,False,
PFE,Pfizer Inc.,25.9,2026-05-23T22:48:36.214120+00:00,False,+12.3%,True,$147615.6M,False,+-9.6%,True,37359.2K,False,$25.90 / SMA $26.46,False,2.00%,False,+5.4%,False,5691.7M,True,NYQ,False,
PG,The Procter & Gamble Company,144.44,2026-05-23T22:48:46.471664+00:00,False,+5.0%,True,$336342.8M,False,+5.8%,True,9493.4K,True,$144.44 / SMA $144.24,False,1.89%,False,+7.4%,False,2324.3M,True,NYQ,False,
PLTR,Palantir Technologies Inc.,136.88,2026-05-23T22:48:36.096959+00:00,False,+15.1%,True,$328144.1M,True,+325.0%,True,46751.0K,False,$136.88 / SMA $142.64,True,3.54%,True,+84.7%,False,2105.3M,True,NMS,False,
QCOM,QUALCOMM Incorporated,238.16,2026-05-23T22:48:50.568824+00:00,True,+95.2%,True,$251020.6M,True,+173.0%,True,18140.7K,True,$238.16 / SMA $156.56,True,8.39%,False,+-3.5%,False,1051.7M,True,NMS,False,
SBUX,Starbucks Corporation,103.11,2026-05-23T22:48:55.188760+00:00,False,+32.2%,True,$117514.5M,True,+32.6%,True,7707.0K,True,$103.11 / SMA $98.55,False,2.45%,False,+8.8%,False,1137.4M,True,NMS,False,
SMCI,"Super Micro Computer, Inc.",35.58,2026-05-23T22:48:47.156659+00:00,True,+82.6%,True,$21398.5M,True,+323.5%,True,37949.6K,True,$35.58 / SMA $27.90,True,6.60%,True,+122.7%,False,501.7M,True,NMS,False,
SYK,Stryker Corporation,316.48,2026-05-23T22:48:58.828718+00:00,False,+12.6%,True,$121326.0M,False,+14.2%,True,2306.5K,False,$316.48 / SMA $323.37,False,2.91%,False,+2.6%,False,347.3M,True,NYQ,False,
TMUS,"T-Mobile US, Inc.",191.47,2026-05-23T22:48:43.185544+00:00,False,+5.6%,True,$207209.7M,False,+-12.0%,True,5692.7K,False,$191.47 / SMA $198.16,False,2.45%,False,+10.6%,False,495.9M,True,NMS,False,
TSLA,"Tesla, Inc.",426.01,2026-05-23T22:48:58.162724+00:00,False,+55.9%,True,$1599976.0M,False,+8.3%,True,61687.9K,True,$426.01 / SMA $388.33,True,3.79%,False,+15.8%,False,2815.9M,True,NMS,False,
TSM,Taiwan Semiconductor Manufacturing Company Limited,404.52,2026-05-23T22:48:42.569617+00:00,True,+112.3%,True,$2098032.4M,True,+58.4%,True,13726.0K,True,$404.52 / SMA $373.07,True,3.33%,True,+35.1%,False,23636.1M,True,NYQ,False,
TXN,Texas Instruments Incorporated,309.21,2026-05-23T22:48:43.252661+00:00,True,+102.5%,True,$281409.8M,True,+31.2%,True,7185.6K,True,$309.21 / SMA $241.24,True,3.26%,False,+18.6%,False,907.9M,True,NMS,False,
UNH,UnitedHealth Group Incorporated,388.47,2026-05-23T22:48:54.398167+00:00,False,+65.6%,True,$352786.8M,False,+0.7%,True,8420.4K,True,$388.47 / SMA $330.65,False,2.32%,False,+2.0%,False,905.4M,True,NYQ,False,
V,Visa Inc.,328.88,2026-05-23T22:48:49.974085+00:00,False,+11.9%,True,$625445.5M,True,+35.3%,True,7332.0K,True,$328.88 / SMA $313.13,False,1.74%,False,+17.1%,False,1688.2M,True,NYQ,False,
WFC,Wells Fargo & Company,76.4,2026-05-23T22:48:43.164256+00:00,False,+6.2%,True,$233798.5M,False,+15.1%,True,17702.4K,False,$76.40 / SMA $78.66,False,2.20%,False,+6.4%,False,3051.8M,True,NYQ,False,
WMT,Walmart Inc.,120.27,2026-05-23T22:48:35.523634+00:00,False,+28.7%,True,$958671.0M,False,+19.6%,True,19186.4K,False,$120.27 / SMA $126.77,False,2.21%,,,False,4372.6M,True,NMS,False,
XOM,Exxon Mobil Corporation,154.92,2026-05-23T22:48:50.663687+00:00,False,+53.1%,True,$642135.2M,False,+-43.2%,True,21059.4K,True,$154.92 / SMA $154.73,False,2.47%,False,+2.6%,False,4136.2M,True,NYQ,False,
